Primary_Dimension,Connected_Dimension,Integration_Synergy
Swadharma,Operating Skills,Purpose-driven systems create effortless execution aligned with dharma
Swadharma,Technical Ability,Natural abilities enhanced through dharmic practice and purposeful development
Swadharma,Social Network,Authentic relationships built on shared values and genuine purpose alignment
Swadharma,Financial Model,Wealth creation aligned with dharmic principles and purposeful impact
Swadharma,Social Hospitality,Service delivery elevated through dharmic motivation and authentic care
Swadharma,Personal Brand,Brand authenticity rooted in genuine purpose and dharmic expression
Operating Skills,Technical Ability,Systematic approach enables rapid skill development and capability building
Operating Skills,Social Network,Organized networking creates structured relationship building and maintenance
Operating Skills,Financial Model,Strategic financial planning enables systematic wealth building and management
Operating Skills,Social Hospitality,Systematic service delivery ensures consistent excellence and impact
Operating Skills,Personal Brand,Organized brand building creates consistent messaging and reputation management
Technical Ability,Social Network,Enhanced abilities enable more effective networking and relationship building
Technical Ability,Financial Model,Technical skills enable sophisticated financial modeling and wealth strategies
Technical Ability,Social Hospitality,Enhanced capabilities improve service delivery quality and impact
Technical Ability,Personal Brand,Demonstrated expertise strengthens personal brand and market positioning
Social Network,Financial Model,Networks provide financial opportunities and investment partnerships
Social Network,Social Hospitality,Strong relationships enhance service delivery and community impact
Social Network,Personal Brand,Network influence amplifies personal brand reach and recognition
Financial Model,Social Hospitality,Financial success enables enhanced hospitality and generous service
Financial Model,Personal Brand,Wealth building supports brand development through investment and resources
Social Hospitality,Personal Brand,Excellent service builds brand reputation and authentic market positioning
